{"cameraMode":{"drawMode":0,"name":"Shaded","section":"Shading Mode"},"sceneLighting":true,"audioPlay":false,"sceneViewState":{"m_AlwaysRefresh":false,"showFog":true,"showSkybox":true,"showFlares":true,"showImageEffects":true,"showParticleSystems":true,"showVisualEffectGraphs":true,"m_FxEnabled":true},"in2DMode":false,"pivot":{"x":3.7077364921569826,"y":1.0208618640899659,"z":-27.048856735229493},"rotation":{"x":0.0030675132293254139,"y":0.959115207195282,"z":-0.28288310766220095,"w":0.010355926118791104},"size":1.0503182411193848,"orthographic":false}