{"cameraMode":{"drawMode":0,"name":"Shaded","section":"Shading Mode"},"sceneLighting":true,"audioPlay":false,"sceneViewState":{"m_AlwaysRefresh":false,"showFog":true,"showSkybox":true,"showFlares":true,"showImageEffects":true,"showParticleSystems":true,"showVisualEffectGraphs":true,"m_FxEnabled":true},"in2DMode":false,"pivot":{"x":4.080813407897949,"y":0.7950395345687866,"z":-27.09954071044922},"rotation":{"x":-0.001542730606161058,"y":0.9930574893951416,"z":-0.11703278869390488,"w":-0.01310885138809681},"size":1.1752184629440308,"orthographic":false}